Frame,Marker ID,2D Coordinates,Distance,Yaw,Pitch,Roll
1082,0,"[[[63.0, 69.0], [88.0, 62.0], [96.0, 96.0], [72.0, 104.0]]]",4.267469545267275,-126.20891645235072,-53.210184528953675,-50.22029006688155
1083,0,"[[[68.0, 71.0], [93.0, 63.0], [100.0, 98.0], [76.0, 107.0]]]",4.098470450158179,-120.74380897790425,-53.190739851821,-52.95190445894457
1084,0,"[[[73.0, 72.0], [98.0, 64.0], [106.0, 98.0], [81.0, 107.0]]]",4.20375030069816,-124.5995876692109,-51.06969218485721,-49.495064111898294
1085,0,"[[[78.0, 73.0], [104.0, 64.0], [110.0, 99.0], [87.0, 108.0]]]",4.114793677073978,-121.31467348032778,-51.58021576831235,-51.88605368193244
1086,0,"[[[81.0, 73.0], [107.0, 64.0], [112.0, 99.0], [89.0, 108.0]]]",4.093830740924897,-119.40488098479803,-51.67525462412546,-51.911730838896084
1087,0,"[[[81.0, 72.0], [107.0, 63.0], [112.0, 99.0], [88.0, 107.0]]]",4.052973352996475,-119.86952192439462,-52.29775378034276,-50.82130973080018
1088,0,"[[[82.0, 73.0], [107.0, 65.0], [112.0, 101.0], [88.0, 108.0]]]",4.079359023261061,-176.0155815598218,28.658571210536547,-5.198585937321129
1089,0,"[[[83.0, 74.0], [108.0, 65.0], [114.0, 101.0], [90.0, 109.0]]]",4.057100430962315,-176.26706515861858,28.71831727676607,-6.986826270264616
1090,0,"[[[85.0, 74.0], [111.0, 66.0], [116.0, 101.0], [92.0, 109.0]]]",4.113578730443825,-122.23562154849219,-52.278925852539516,-48.959329021614174
1091,0,"[[[87.0, 74.0], [113.0, 65.0], [118.0, 100.0], [94.0, 108.0]]]",4.146012736225257,-121.54850793207551,-50.90014024094512,-48.796051192319894
1092,0,"[[[89.0, 72.0], [115.0, 64.0], [119.0, 99.0], [95.0, 107.0]]]",4.091245837629486,-120.23755821600128,-52.25184557324186,-48.99396440142792
1093,0,"[[[91.0, 70.0], [116.0, 62.0], [121.0, 97.0], [98.0, 105.0]]]",4.121107362244018,-120.75736174613509,-53.068312406396814,-51.12824185503346
1094,0,"[[[95.0, 68.0], [120.0, 61.0], [124.0, 96.0], [100.0, 103.0]]]",4.124867699779323,-121.22975732355623,-53.7361169235938,-48.43651338376502
1095,0,"[[[99.0, 67.0], [123.0, 61.0], [129.0, 93.0], [104.0, 101.0]]]",4.370677615838356,-125.91604347825019,-50.703125979461056,-44.73932115049261
1096,0,"[[[105.0, 66.0], [130.0, 62.0], [135.0, 92.0], [110.0, 99.0]]]",4.602699286870844,-132.3831140414199,-48.85429997571906,-37.8644873996601
1097,0,"[[[111.0, 65.0], [135.0, 61.0], [140.0, 92.0], [116.0, 99.0]]]",4.471536685935455,-130.12434212660534,-52.019843847000395,-41.72323301519579
1098,0,"[[[116.0, 66.0], [140.0, 62.0], [144.0, 94.0], [121.0, 101.0]]]",4.327891575510233,-127.35489531573995,-54.16461079978841,-44.39604771523034
1099,0,"[[[119.0, 68.0], [144.0, 61.0], [147.0, 95.0], [124.0, 102.0]]]",4.196070385075664,-122.58246285293016,-52.202216797815446,-46.319935162399894
1100,0,"[[[122.0, 70.0], [147.0, 64.0], [150.0, 98.0], [127.0, 105.0]]]",4.149438336015629,-124.02317368900542,-53.44032582399775,-45.88743814385246
1101,0,"[[[126.0, 73.0], [150.0, 66.0], [153.0, 101.0], [130.0, 107.0]]]",4.133434127071168,-176.92216820683254,30.919942154318626,-3.0322930367265117
1102,0,"[[[128.0, 76.0], [153.0, 69.0], [156.0, 104.0], [133.0, 110.0]]]",4.131567182538763,-176.23898558971877,29.89990659792277,-3.3949727154814737
1103,0,"[[[131.0, 80.0], [155.0, 72.0], [159.0, 107.0], [136.0, 114.0]]]",4.097589233809238,-177.39182797460046,31.200536556305572,-5.073690102916673
1104,0,"[[[134.0, 85.0], [158.0, 77.0], [162.0, 112.0], [139.0, 119.0]]]",4.084091699681112,-177.5343864862783,31.3446654965058,-5.203741397797014
1105,0,"[[[137.0, 91.0], [161.0, 83.0], [165.0, 119.0], [142.0, 125.0]]]",4.030666008715477,-176.31644166924625,32.0714657644395,-4.142497520085151
1106,0,"[[[140.0, 97.0], [164.0, 90.0], [167.0, 125.0], [145.0, 132.0]]]",4.012222234095902,-124.04160600482102,-55.491272488907484,-47.739986364067036
1107,0,"[[[142.0, 104.0], [166.0, 97.0], [169.0, 132.0], [147.0, 139.0]]]",3.997243390238039,-124.76330841161581,-55.79939373103806,-47.33518368448744
1108,0,"[[[144.0, 111.0], [168.0, 104.0], [171.0, 139.0], [148.0, 145.0]]]",4.040812632883145,-178.1076646074433,31.841852435379426,-4.088357350477633
1109,0,"[[[147.0, 117.0], [171.0, 111.0], [173.0, 146.0], [151.0, 152.0]]]",3.983669443463187,-127.01810582843015,-57.65176428180206,-44.735456578554256
1110,0,"[[[149.0, 124.0], [173.0, 117.0], [176.0, 151.0], [153.0, 157.0]]]",4.124970907149342,-179.0999314160168,30.705861119694845,-5.082903814504706
1111,0,"[[[152.0, 129.0], [176.0, 122.0], [178.0, 156.0], [155.0, 162.0]]]",4.092088271617901,178.7008795488141,31.105467479096564,-5.111213200898704
1112,0,"[[[153.0, 133.0], [177.0, 126.0], [179.0, 160.0], [157.0, 166.0]]]",4.1026639700943734,-128.74977654962385,-55.783732301954714,-42.497956134016334
1113,0,"[[[154.0, 137.0], [178.0, 129.0], [180.0, 163.0], [158.0, 169.0]]]",4.129099407461392,178.189003117747,31.573807982436456,-6.440477195416614
1114,0,"[[[154.0, 139.0], [178.0, 132.0], [180.0, 165.0], [157.0, 172.0]]]",4.112100426842646,-127.84997485008526,-54.30255302651137,-41.49835473089778
1115,0,"[[[153.0, 141.0], [178.0, 134.0], [180.0, 166.0], [157.0, 173.0]]]",4.23076947129457,-130.54076701906703,-51.954554388676975,-38.8219816640777
1116,0,"[[[153.0, 141.0], [177.0, 134.0], [179.0, 167.0], [156.0, 173.0]]]",4.186982661502005,177.5858910260906,29.717640973919604,-6.082368158496008
1117,0,"[[[153.0, 141.0], [177.0, 134.0], [179.0, 167.0], [156.0, 173.0]]]",4.186982661502005,177.5858910260906,29.717640973919604,-6.082368158496008
1118,0,"[[[153.0, 140.0], [178.0, 134.0], [179.0, 167.0], [156.0, 172.0]]]",4.211065810410299,178.75694197042228,28.477253999529587,-4.317532138294886
1119,0,"[[[154.0, 140.0], [179.0, 133.0], [180.0, 166.0], [158.0, 172.0]]]",4.189188591076547,-129.90534654632387,-54.04122753024621,-39.665984476411104
1120,0,"[[[156.0, 138.0], [180.0, 131.0], [182.0, 164.0], [159.0, 170.0]]]",4.187673815490548,177.7309182400348,29.819548340709233,-5.966990249333813
1121,0,"[[[157.0, 136.0], [182.0, 130.0], [183.0, 162.0], [159.0, 168.0]]]",4.2281571246052545,-130.75745628936323,-52.1627604383977,-35.904031620102714
1122,0,"[[[157.0, 135.0], [182.0, 128.0], [183.0, 161.0], [160.0, 167.0]]]",4.173723987762352,-129.26734507177767,-52.999751118619756,-38.657417115261005
1123,0,"[[[158.0, 133.0], [183.0, 127.0], [184.0, 160.0], [161.0, 166.0]]]",4.138191532645678,-130.59011539000102,-54.08402123063764,-38.18646736876089
1124,0,"[[[159.0, 134.0], [184.0, 127.0], [185.0, 161.0], [162.0, 166.0]]]",4.133486625777996,178.2030247981827,29.668361778929846,-4.685397955092815
1125,0,"[[[161.0, 134.0], [185.0, 128.0], [186.0, 161.0], [163.0, 166.0]]]",4.2017478411557905,178.25194746255949,29.988711595223826,-3.8419308832734553
1126,0,"[[[162.0, 135.0], [187.0, 129.0], [188.0, 162.0], [164.0, 167.0]]]",4.1877143638353385,177.65156549144666,27.866353199578672,-4.23540121635224
1127,0,"[[[163.0, 137.0], [188.0, 131.0], [189.0, 164.0], [166.0, 169.0]]]",4.2035644174126405,178.97023126618507,28.823170542028894,-4.15844803006025
1128,0,"[[[165.0, 138.0], [190.0, 132.0], [190.0, 166.0], [167.0, 170.0]]]",4.132414516556259,178.40709023070426,29.890812296852094,-2.83566813890622
1130,0,"[[[167.0, 142.0], [192.0, 137.0], [192.0, 170.0], [169.0, 175.0]]]",4.127370376016863,-133.2545079887502,-55.278299608626504,-35.01620155243931
1131,0,"[[[168.0, 146.0], [193.0, 140.0], [193.0, 174.0], [171.0, 179.0]]]",4.065397179121559,-132.06059645374762,-56.25575090757243,-37.54691917741974
1132,0,"[[[169.0, 149.0], [194.0, 144.0], [194.0, 178.0], [171.0, 182.0]]]",4.075063392140691,179.48498402758742,30.608966911389597,-2.0186336518575625
1133,0,"[[[170.0, 152.0], [195.0, 147.0], [195.0, 181.0], [172.0, 185.0]]]",4.070045427562334,179.3670214171549,30.66114120845385,-2.1130162972895064
1134,0,"[[[172.0, 155.0], [196.0, 150.0], [197.0, 183.0], [173.0, 188.0]]]",4.105378528910219,177.65731278043756,30.104401911857636,-3.422276697601475
1135,0,"[[[173.0, 157.0], [198.0, 153.0], [198.0, 186.0], [174.0, 190.0]]]",4.119451035409273,-138.47810365834277,-55.67795442364799,-30.179574353834195
1136,0,"[[[174.0, 159.0], [199.0, 154.0], [199.0, 188.0], [176.0, 192.0]]]",4.056781772317143,179.1023985722558,30.845111300988588,-2.3247157662349647
1137,0,"[[[176.0, 160.0], [201.0, 155.0], [201.0, 188.0], [177.0, 192.0]]]",4.15012868938012,177.06646678801275,28.45174428513278,-2.9681237417075397
1138,0,"[[[178.0, 160.0], [203.0, 155.0], [203.0, 188.0], [179.0, 192.0]]]",4.147917025720985,177.08129374859672,28.525556381641643,-2.955562896494334
1139,0,"[[[178.0, 160.0], [203.0, 155.0], [203.0, 188.0], [179.0, 192.0]]]",4.147917025720985,177.08129374859672,28.525556381641643,-2.955562896494334
1140,0,"[[[183.0, 164.0], [208.0, 160.0], [207.0, 193.0], [184.0, 197.0]]]",4.090614177620577,-138.08609614063099,-56.45678356132414,-30.241738959797587
1141,0,"[[[185.0, 166.0], [210.0, 162.0], [209.0, 196.0], [186.0, 199.0]]]",4.043022290552852,179.24018934547632,31.25927151583199,-0.5405935089338912
1142,0,"[[[186.0, 169.0], [211.0, 164.0], [210.0, 199.0], [187.0, 202.0]]]",3.966959071923007,178.2281166745138,32.25893306079112,-1.3310773193907337
1143,0,"[[[186.0, 172.0], [211.0, 168.0], [210.0, 202.0], [186.0, 206.0]]]",3.9510902028272,-138.24456293173347,-57.30434003024272,-29.7228839499158
1144,0,"[[[185.0, 175.0], [211.0, 171.0], [210.0, 204.0], [186.0, 208.0]]]",4.066955843051247,-140.70305305780326,-54.80830550505707,-27.36964597869523
1145,0,"[[[186.0, 176.0], [212.0, 172.0], [211.0, 205.0], [187.0, 209.0]]]",4.064866347016566,-140.88094679860114,-54.780429350011175,-27.24152644047998
1146,0,"[[[186.0, 177.0], [212.0, 173.0], [211.0, 206.0], [187.0, 210.0]]]",4.063855410218219,-140.99241936309892,-54.81770879700712,-27.173960676503025
1147,0,"[[[185.0, 178.0], [211.0, 173.0], [210.0, 207.0], [187.0, 211.0]]]",4.010850006830233,-139.51616178223603,-56.045800583237586,-29.868845507493205
1148,0,"[[[183.0, 176.0], [209.0, 172.0], [209.0, 206.0], [184.0, 209.0]]]",4.0354726840593775,179.06197966517996,27.79016738618891,-1.488240725146268
1150,0,"[[[179.0, 179.0], [205.0, 175.0], [205.0, 208.0], [180.0, 213.0]]]",4.003879529732436,-140.49109070484946,-54.709062178651685,-28.23985028621211
1151,0,"[[[178.0, 182.0], [204.0, 177.0], [203.0, 213.0], [179.0, 215.0]]]",3.913385510035874,178.59976346079358,30.544556586111867,-1.0333720650945326
1152,0,"[[[178.0, 186.0], [203.0, 182.0], [203.0, 217.0], [178.0, 220.0]]]",3.912910733508562,178.3224418219859,30.44119242009431,-1.2422820666306134
1153,0,"[[[177.0, 190.0], [203.0, 186.0], [202.0, 221.0], [178.0, 224.0]]]",3.9098590434447393,178.19723055868732,30.44218706732941,-1.3504004494204194
1154,0,"[[[177.0, 194.0], [203.0, 189.0], [202.0, 224.0], [178.0, 227.0]]]",3.9443454202286836,176.56606772359828,29.91316185845232,-2.567272126606654
1155,0,"[[[177.0, 195.0], [203.0, 191.0], [203.0, 225.0], [178.0, 229.0]]]",3.955443628241089,-143.89572134011118,-56.47270250679246,-26.397813377436975
1156,0,"[[[177.0, 197.0], [203.0, 193.0], [203.0, 227.0], [178.0, 231.0]]]",3.9536977114030396,-144.13129437268623,-56.54467234356596,-26.248758181215784
1157,0,"[[[178.0, 198.0], [204.0, 194.0], [203.0, 229.0], [179.0, 232.0]]]",3.9016048932788454,177.8445477707373,30.504711017677884,-1.6245647287195253
1158,0,"[[[178.0, 199.0], [204.0, 195.0], [204.0, 229.0], [179.0, 232.0]]]",4.018487980876863,178.06783542405694,27.68606798659785,-2.2262124105026206
1159,0,"[[[178.0, 200.0], [204.0, 196.0], [203.0, 231.0], [178.0, 234.0]]]",3.8857143661401645,176.47989948882415,29.612921186858003,-1.803730205541942
1160,0,"[[[177.0, 202.0], [203.0, 197.0], [203.0, 232.0], [178.0, 235.0]]]",3.945527749112895,177.00610604867737,28.6916890562419,-3.019937863364941
1161,0,"[[[178.0, 203.0], [204.0, 199.0], [203.0, 234.0], [179.0, 237.0]]]",3.897369310307922,177.61829038265424,30.517377078441168,-1.8004869060747581
1162,0,"[[[179.0, 204.0], [205.0, 200.0], [205.0, 234.0], [180.0, 238.0]]]",3.9456330923892953,-145.09338926005816,-56.65958580533825,-25.599798135117602
1163,0,"[[[181.0, 205.0], [207.0, 201.0], [206.0, 236.0], [182.0, 239.0]]]",3.8924968380371134,177.54363296943632,30.63907704189621,-1.856244224706191
1164,0,"[[[182.0, 206.0], [208.0, 202.0], [207.0, 237.0], [183.0, 240.0]]]",3.890616430768167,177.5031392854038,30.680542986713547,-1.886848248155847
1165,0,"[[[183.0, 207.0], [209.0, 203.0], [208.0, 237.0], [184.0, 240.0]]]",3.9980633682367728,176.918822251717,29.174162191463545,-2.270877901260436
1166,0,"[[[184.0, 207.0], [210.0, 203.0], [210.0, 237.0], [185.0, 240.0]]]",4.005050013575393,177.76204658312832,27.92945241810026,-2.448864804407519
1167,0,"[[[185.0, 208.0], [211.0, 203.0], [211.0, 237.0], [187.0, 241.0]]]",3.9874994373930113,176.5660796931247,29.246208068962193,-4.209160557258006
1168,0,"[[[186.0, 207.0], [212.0, 203.0], [212.0, 237.0], [187.0, 240.0]]]",4.002876682026233,177.7725222961163,28.005004885447754,-2.4397644538392753
1169,0,"[[[186.0, 207.0], [212.0, 203.0], [211.0, 237.0], [187.0, 240.0]]]",3.9948029087220425,176.93302790922016,29.289807285852472,-2.256869039687071
1170,0,"[[[185.0, 206.0], [211.0, 202.0], [210.0, 236.0], [186.0, 239.0]]]",3.9966931185296177,176.97277033037517,29.24928819920662,-2.227973189227697
1171,0,"[[[185.0, 206.0], [211.0, 202.0], [210.0, 237.0], [186.0, 240.0]]]",3.8874311228592022,177.51908346038357,30.798775836607373,-1.8721429491285957
1172,0,"[[[185.0, 208.0], [211.0, 203.0], [211.0, 237.0], [187.0, 241.0]]]",3.9874994373930113,176.5660796931247,29.246208068962193,-4.209160557258006
1174,0,"[[[189.0, 210.0], [215.0, 206.0], [215.0, 240.0], [190.0, 243.0]]]",3.997198828298327,177.6577509067443,28.12553032591705,-2.521916745486443
1175,0,"[[[192.0, 212.0], [218.0, 208.0], [218.0, 242.0], [193.0, 245.0]]]",3.9924043784341405,177.5847798469204,28.244606790294686,-2.5729976297774426
1176,0,"[[[196.0, 214.0], [222.0, 210.0], [221.0, 244.0], [197.0, 247.0]]]",3.9787196015113,176.6602455455307,29.693574797424926,-2.449790951906976
1178,0,"[[[202.0, 218.0], [228.0, 215.0], [227.0, 249.0], [203.0, 251.0]]]",3.9949220054565777,179.05890876498609,29.626164920087422,-0.69205305747066
1179,0,"[[[204.0, 221.0], [230.0, 217.0], [230.0, 251.0], [205.0, 254.0]]]",3.973106799910543,177.23360983817759,28.72967990297683,-2.817415421565232
1180,0,"[[[207.0, 223.0], [233.0, 219.0], [232.0, 253.0], [208.0, 256.0]]]",3.960935244701491,176.27986417742335,30.1478678997935,-2.717706694662863
1181,0,"[[[210.0, 224.0], [235.0, 220.0], [235.0, 254.0], [210.0, 257.0]]]",3.957484606726907,176.1755681892779,30.24230652353126,-2.779221094587396
1182,0,"[[[212.0, 225.0], [237.0, 221.0], [237.0, 255.0], [213.0, 258.0]]]",3.9674825758999277,177.4644315424176,31.310696566899423,-2.7208750139700872
1183,0,"[[[214.0, 225.0], [239.0, 221.0], [238.0, 255.0], [214.0, 258.0]]]",3.9447437947214707,175.2994057947507,31.67944246621423,-2.6502608501473777
1184,0,"[[[214.0, 225.0], [239.0, 221.0], [239.0, 254.0], [215.0, 258.0]]]",4.01093020257448,-148.8913978528937,-55.478643830449556,-22.905194427603327
1185,0,"[[[214.0, 225.0], [239.0, 221.0], [239.0, 254.0], [215.0, 258.0]]]",4.01093020257448,-148.8913978528937,-55.478643830449556,-22.905194427603327
1186,0,"[[[214.0, 225.0], [239.0, 220.0], [239.0, 254.0], [215.0, 257.0]]]",4.006914020092236,175.94233457662074,30.76232811924621,-3.8175965412947908
1187,0,"[[[214.0, 223.0], [240.0, 218.0], [239.0, 252.0], [216.0, 255.0]]]",4.008177995149201,176.10410546078177,30.78998423373556,-3.708197446127233
1188,0,"[[[214.0, 222.0], [239.0, 218.0], [239.0, 251.0], [215.0, 255.0]]]",4.013067951201651,-148.54002163140402,-55.384631992253894,-23.1347265883719
1189,0,"[[[212.0, 222.0], [238.0, 217.0], [237.0, 251.0], [214.0, 255.0]]]",3.945231119081247,-146.28649984350807,-55.92770029726937,-25.069494701538755
1190,0,"[[[212.0, 222.0], [237.0, 217.0], [237.0, 251.0], [213.0, 254.0]]]",4.011061791788712,176.08279295435656,30.67775165066114,-3.716437282035712
1191,0,"[[[212.0, 221.0], [237.0, 217.0], [238.0, 250.0], [214.0, 254.0]]]",4.034865963903591,-150.75277466012173,-55.17479078418608,-23.140571426824945
1192,0,"[[[213.0, 221.0], [238.0, 217.0], [238.0, 250.0], [214.0, 254.0]]]",4.014790296131718,-148.36689797371358,-55.42003538057354,-23.26147883617836
1193,0,"[[[212.0, 222.0], [237.0, 217.0], [238.0, 251.0], [214.0, 255.0]]]",3.9609372245129113,177.24266266684668,31.304433492582195,-4.5665997349763305
1194,0,"[[[212.0, 222.0], [237.0, 217.0], [237.0, 251.0], [214.0, 255.0]]]",3.954660979727498,176.34693232741475,32.53174225923697,-4.4419565816468785
1195,0,"[[[212.0, 222.0], [237.0, 217.0], [237.0, 251.0], [214.0, 255.0]]]",3.954660979727498,176.34693232741475,32.53174225923697,-4.4419565816468785
1196,0,"[[[212.0, 221.0], [237.0, 216.0], [237.0, 250.0], [214.0, 254.0]]]",3.9554153202460784,176.39754210704209,32.53154131942228,-4.403298389858217
1197,0,"[[[212.0, 221.0], [237.0, 217.0], [238.0, 250.0], [214.0, 254.0]]]",4.034865963903591,-150.75277466012173,-55.17479078418608,-23.140571426824945
1198,0,"[[[212.0, 222.0], [237.0, 216.0], [238.0, 250.0], [214.0, 254.0]]]",4.000875376233711,175.72705281878103,30.650172848862535,-5.6782477872552475
1199,0,"[[[213.0, 222.0], [238.0, 217.0], [238.0, 251.0], [215.0, 255.0]]]",3.95367987035852,176.34926997424228,32.57441812673855,-4.438825258797425
1200,0,"[[[211.0, 224.0], [237.0, 218.0], [237.0, 252.0], [213.0, 256.0]]]",3.9860287142864212,174.35784030412478,29.651994815919647,-5.762291692995274
1201,0,"[[[210.0, 226.0], [235.0, 220.0], [236.0, 254.0], [212.0, 258.0]]]",3.999931359359345,175.5312211026004,30.563946555881927,-5.826743417458247
1202,0,"[[[210.0, 228.0], [235.0, 223.0], [236.0, 257.0], [212.0, 261.0]]]",3.958443191649697,176.94252525504248,31.222305093757576,-4.792974167926054
1203,0,"[[[212.0, 230.0], [237.0, 225.0], [238.0, 258.0], [214.0, 263.0]]]",3.9988739985566673,-147.79701122158127,-54.898105266103116,-25.264017119947287
1204,0,"[[[214.0, 230.0], [239.0, 224.0], [240.0, 258.0], [216.0, 262.0]]]",3.993126562484731,175.34005456974572,30.726593301410567,-5.961304781802155
1205,0,"[[[214.0, 229.0], [239.0, 224.0], [240.0, 258.0], [217.0, 262.0]]]",3.9629488737478784,178.1756451705638,32.41294650498477,-4.756162234662342
1206,0,"[[[214.0, 228.0], [239.0, 223.0], [240.0, 256.0], [216.0, 261.0]]]",3.998257283375911,-147.6898864105942,-54.69853690852616,-25.30408063685578
1207,0,"[[[214.0, 227.0], [239.0, 221.0], [240.0, 254.0], [217.0, 259.0]]]",4.050551634377164,175.21751651494563,30.96245328405511,-6.971175845951305
1208,0,"[[[215.0, 224.0], [239.0, 219.0], [241.0, 252.0], [217.0, 257.0]]]",4.011461450299533,176.8345664945465,31.66257296594209,-5.762119557387356
1209,0,"[[[214.0, 223.0], [239.0, 217.0], [240.0, 251.0], [216.0, 255.0]]]",3.998147730041589,175.6813283253201,30.733081654411336,-5.708861368047822
1210,0,"[[[213.0, 221.0], [238.0, 216.0], [239.0, 249.0], [215.0, 254.0]]]",4.004322605059257,-146.84554367071527,-54.5227807456525,-25.856721635924092
1211,0,"[[[211.0, 220.0], [236.0, 214.0], [237.0, 248.0], [214.0, 252.0]]]",4.015242321705223,177.13376950023823,31.618415639107877,-5.551866318169132
1212,0,"[[[210.0, 219.0], [235.0, 213.0], [236.0, 247.0], [213.0, 251.0]]]",4.0170645454833,177.18064587682744,31.576162144305574,-5.5176306398472095
1213,0,"[[[210.0, 218.0], [235.0, 213.0], [236.0, 246.0], [213.0, 251.0]]]",4.021095800715951,-146.920733440884,-55.4713028533326,-27.048000206966112
1214,0,"[[[211.0, 217.0], [236.0, 212.0], [237.0, 245.0], [213.0, 250.0]]]",4.009383498743653,-146.2783922567939,-54.51246525257596,-26.24576823703823
1215,0,"[[[212.0, 217.0], [237.0, 212.0], [238.0, 245.0], [214.0, 250.0]]]",4.008387761530664,-146.34010500483257,-54.44729286975768,-26.191505831652112
1216,0,"[[[212.0, 217.0], [237.0, 211.0], [238.0, 245.0], [214.0, 249.0]]]",4.004735569530507,175.9686248146987,30.652130639369258,-5.49919108668835
1217,0,"[[[212.0, 216.0], [237.0, 211.0], [238.0, 245.0], [214.0, 249.0]]]",3.965704592938899,177.5372732772492,31.29977565617355,-4.34652184383176
1218,0,"[[[212.0, 216.0], [236.0, 210.0], [238.0, 244.0], [214.0, 248.0]]]",4.017613094376286,177.27309240294176,31.636565064148545,-5.436546070995985
1219,0,"[[[211.0, 215.0], [236.0, 209.0], [237.0, 243.0], [214.0, 247.0]]]",4.019409476502959,177.38046045050493,31.617214924076436,-5.3665716129007714
1220,0,"[[[211.0, 214.0], [236.0, 208.0], [238.0, 242.0], [214.0, 246.0]]]",4.0257792655332185,178.37506743660896,30.36191825558832,-5.459153816457931
1221,0,"[[[212.0, 213.0], [236.0, 207.0], [238.0, 241.0], [214.0, 245.0]]]",4.020189385544703,177.42096817637668,31.635192002832937,-5.325488165040792
1222,0,"[[[212.0, 212.0], [237.0, 206.0], [238.0, 240.0], [214.0, 244.0]]]",4.008796111305336,176.2093678901366,30.652114582908727,-5.320657731836101
1223,0,"[[[212.0, 212.0], [237.0, 206.0], [238.0, 240.0], [215.0, 244.0]]]",4.021010140122528,177.5314106290305,31.657736426620637,-5.252368972857983
1224,0,"[[[213.0, 211.0], [238.0, 205.0], [239.0, 239.0], [216.0, 243.0]]]",4.020900319410268,177.58410460384536,31.699283453721335,-5.212022866583116
1225,0,"[[[213.0, 210.0], [238.0, 204.0], [239.0, 238.0], [215.0, 242.0]]]",4.009492812585082,176.308223415296,30.6931453313442,-5.245991300729808
1226,0,"[[[213.0, 208.0], [238.0, 203.0], [239.0, 237.0], [215.0, 241.0]]]",3.97153326207233,177.9325973794315,31.331026719592504,-4.050463545673553
1227,0,"[[[212.0, 207.0], [237.0, 201.0], [238.0, 235.0], [214.0, 239.0]]]",4.0130574669263375,176.44922956713,30.650123825770923,-5.142692559506717
1228,0,"[[[209.0, 206.0], [234.0, 201.0], [235.0, 235.0], [212.0, 239.0]]]",3.987449553025162,179.31098237790945,32.16928958991438,-3.89924333830865
1229,0,"[[[206.0, 205.0], [231.0, 200.0], [232.0, 234.0], [208.0, 238.0]]]",3.9811288947813805,178.0453541878254,31.03456729823753,-3.97032191964758
1230,0,"[[[203.0, 205.0], [228.0, 199.0], [230.0, 233.0], [206.0, 238.0]]]",3.9719023434064997,177.67982187220662,30.9049017101736,-5.919741561910166
1231,0,"[[[202.0, 204.0], [227.0, 199.0], [228.0, 233.0], [205.0, 238.0]]]",3.928810315974483,-144.3307662180528,-56.9746629678721,-29.46315001464244
1232,0,"[[[201.0, 205.0], [226.0, 199.0], [227.0, 234.0], [204.0, 238.0]]]",3.9256903930625797,178.28663196123733,32.74408010894467,-4.629367308859854
1233,0,"[[[202.0, 205.0], [227.0, 200.0], [228.0, 233.0], [204.0, 238.0]]]",4.028440327509598,-144.38179612805206,-54.65811136977665,-27.57900183837265
1234,0,"[[[203.0, 205.0], [228.0, 200.0], [229.0, 234.0], [205.0, 238.0]]]",3.984152375405878,178.03103111119285,30.91111192848973,-3.9827689566282207
1235,0,"[[[204.0, 207.0], [229.0, 201.0], [230.0, 235.0], [207.0, 240.0]]]",3.963354796891749,176.6920865668613,32.16553008867829,-5.859086680980673
1236,0,"[[[206.0, 208.0], [230.0, 202.0], [232.0, 236.0], [209.0, 241.0]]]",3.970837496856676,177.8368949531463,33.21268900674065,-5.863800882852573
1237,0,"[[[205.0, 209.0], [230.0, 203.0], [231.0, 237.0], [208.0, 241.0]]]",4.030741923818552,177.6533872602647,31.361960661943087,-5.16594173318467
1238,0,"[[[204.0, 209.0], [229.0, 203.0], [230.0, 237.0], [207.0, 242.0]]]",3.961598015981034,176.5934665648691,32.16556541429256,-5.93465834693965
1239,0,"[[[203.0, 208.0], [228.0, 203.0], [229.0, 237.0], [205.0, 241.0]]]",3.981482794004703,177.88811784984304,30.916062710493385,-4.090227973857272
1240,0,"[[[202.0, 208.0], [226.0, 203.0], [227.0, 237.0], [204.0, 242.0]]]",3.9202997914235467,-142.8906982178942,-58.215923688418904,-30.268758025484683
1241,0,"[[[201.0, 208.0], [225.0, 203.0], [226.0, 237.0], [203.0, 241.0]]]",3.9883753130110815,178.2157909677343,33.00643171671784,-3.8979045611460355
1242,0,"[[[200.0, 208.0], [225.0, 202.0], [226.0, 236.0], [203.0, 241.0]]]",3.9665281489783526,176.63227228050818,31.998301389396428,-5.9094021648161865
1243,0,"[[[200.0, 207.0], [225.0, 202.0], [226.0, 236.0], [203.0, 240.0]]]",3.9956806193788577,179.21371713485567,31.79456895144416,-3.973631470500744
1244,0,"[[[201.0, 208.0], [226.0, 202.0], [227.0, 236.0], [204.0, 241.0]]]",3.965508020453482,176.63490588850422,32.03999393829594,-5.906264258990794
1245,0,"[[[202.0, 207.0], [227.0, 202.0], [228.0, 235.0], [205.0, 240.0]]]",4.038780961603827,-145.16776927921788,-55.56913113885476,-28.292189922023006
1246,0,"[[[203.0, 206.0], [227.0, 201.0], [229.0, 235.0], [205.0, 239.0]]]",3.993664019661376,179.21859703802326,31.896320180696286,-3.9602789256311444
1247,0,"[[[204.0, 207.0], [229.0, 201.0], [230.0, 235.0], [207.0, 240.0]]]",3.963354796891749,176.6920865668613,32.16553008867829,-5.859086680980673
1248,0,"[[[206.0, 206.0], [230.0, 200.0], [232.0, 234.0], [209.0, 239.0]]]",3.9726996315981236,177.93827104740095,33.21172104106405,-5.785359767470202
1249,0,"[[[208.0, 205.0], [232.0, 199.0], [234.0, 233.0], [211.0, 238.0]]]",3.971636297146109,177.99605549772963,33.29679073285041,-5.73959513432908
1250,0,"[[[209.0, 205.0], [234.0, 199.0], [235.0, 233.0], [212.0, 237.0]]]",4.030355454430175,177.8630858811315,31.52484584795449,-5.005263608852803
1251,0,"[[[211.0, 204.0], [235.0, 198.0], [236.0, 232.0], [214.0, 237.0]]]",3.9643704887287172,177.16714335152489,34.594630595578,-5.566075122773073
1252,0,"[[[212.0, 203.0], [236.0, 198.0], [238.0, 231.0], [215.0, 236.0]]]",4.0430091254064875,-145.92312492695476,-55.70171404375676,-28.863252769937503
1253,0,"[[[213.0, 203.0], [238.0, 197.0], [239.0, 231.0], [217.0, 236.0]]]",3.971576324858842,-143.81853227310796,-55.899756993206786,-30.597949924918627
1254,0,"[[[215.0, 202.0], [239.0, 197.0], [241.0, 230.0], [218.0, 235.0]]]",4.041002355040738,-146.0243818768682,-55.475862869016865,-28.75164602487034
1255,0,"[[[216.0, 202.0], [240.0, 196.0], [242.0, 230.0], [219.0, 235.0]]]",3.9666654939461408,178.17971768890865,33.64032908990708,-5.593941268269625
1256,0,"[[[216.0, 203.0], [241.0, 197.0], [242.0, 231.0], [219.0, 235.0]]]",4.025321279607064,177.9908641843798,31.817595149455077,-4.905014146808303
1257,0,"[[[216.0, 203.0], [240.0, 197.0], [242.0, 231.0], [220.0, 236.0]]]",3.9737916543028358,179.35764174144794,34.65140547778051,-5.559477035838712
1258,0,"[[[216.0, 203.0], [240.0, 197.0], [242.0, 231.0], [219.0, 236.0]]]",3.965693475027896,178.12800674813099,33.64125292672931,-5.633709171367103
1259,0,"[[[216.0, 204.0], [240.0, 198.0], [242.0, 232.0], [219.0, 236.0]]]",4.0343736065783995,179.18609874438687,32.82620686034305,-4.892342417841139
1260,0,"[[[216.0, 204.0], [240.0, 198.0], [242.0, 232.0], [220.0, 237.0]]]",3.9727880725370053,179.30452793484343,34.65257829497741,-5.600737994860715
1261,0,"[[[216.0, 205.0], [241.0, 198.0], [243.0, 232.0], [220.0, 237.0]]]",4.008753005966699,177.5172190150346,31.802979917711287,-6.953424356517612
1262,0,"[[[217.0, 204.0], [241.0, 198.0], [243.0, 232.0], [220.0, 237.0]]]",3.9637657532279422,178.07991528455102,33.685723401887124,-5.670160421244673
1263,0,"[[[217.0, 204.0], [241.0, 198.0], [243.0, 232.0], [220.0, 237.0]]]",3.9637657532279422,178.07991528455102,33.685723401887124,-5.670160421244673
1264,0,"[[[217.0, 204.0], [242.0, 198.0], [243.0, 232.0], [221.0, 237.0]]]",3.966729327292784,-144.2129935335605,-55.697193959113726,-30.279996995653487
1265,0,"[[[217.0, 204.0], [242.0, 198.0], [244.0, 231.0], [221.0, 237.0]]]",4.011357585158678,-144.52007459037463,-53.51470556353754,-30.03663827907599
1266,0,"[[[217.0, 204.0], [242.0, 198.0], [244.0, 231.0], [221.0, 236.0]]]",4.084451297246856,178.64494061203598,30.85598912275583,-6.197895511030565
1267,0,"[[[218.0, 203.0], [242.0, 197.0], [244.0, 231.0], [221.0, 236.0]]]",3.9637706500068313,178.1355483027082,33.72857739335047,-5.626887469482576
1268,0,"[[[217.0, 204.0], [241.0, 197.0], [244.0, 231.0], [221.0, 236.0]]]",4.0176291355240155,178.7926135807854,32.867235565809686,-6.886042733168542
1269,0,"[[[217.0, 204.0], [242.0, 197.0], [244.0, 231.0], [221.0, 236.0]]]",4.008744282753043,177.56972123716818,31.845577989533933,-6.913512064004806
1270,0,"[[[217.0, 204.0], [242.0, 198.0], [244.0, 231.0], [221.0, 236.0]]]",4.084451297246856,178.64494061203598,30.85598912275583,-6.197895511030565
1271,0,"[[[218.0, 203.0], [242.0, 198.0], [244.0, 231.0], [221.0, 236.0]]]",4.037042130490467,-146.33893120004672,-55.32827395024225,-28.50480506610748
1272,0,"[[[217.0, 204.0], [241.0, 197.0], [244.0, 231.0], [221.0, 236.0]]]",4.0176291355240155,178.7926135807854,32.867235565809686,-6.886042733168542
1273,0,"[[[217.0, 203.0], [242.0, 197.0], [243.0, 231.0], [221.0, 236.0]]]",3.967686626825417,-144.10722832326633,-55.65682394628863,-30.347619386839597
1274,0,"[[[217.0, 203.0], [241.0, 197.0], [243.0, 231.0], [220.0, 236.0]]]",3.964730008701195,178.13177929028507,33.68487332113958,-5.6302976816067565
1275,0,"[[[217.0, 203.0], [241.0, 197.0], [243.0, 231.0], [220.0, 236.0]]]",3.964730008701195,178.13177929028507,33.68487332113958,-5.6302976816067565
1276,0,"[[[217.0, 203.0], [241.0, 197.0], [243.0, 231.0], [220.0, 236.0]]]",3.964730008701195,178.13177929028507,33.68487332113958,-5.6302976816067565
1277,0,"[[[217.0, 203.0], [241.0, 197.0], [243.0, 231.0], [220.0, 236.0]]]",3.964730008701195,178.13177929028507,33.68487332113958,-5.6302976816067565
1278,0,"[[[217.0, 203.0], [241.0, 197.0], [243.0, 231.0], [220.0, 236.0]]]",3.964730008701195,178.13177929028507,33.68487332113958,-5.6302976816067565
1279,0,"[[[217.0, 203.0], [241.0, 197.0], [243.0, 231.0], [220.0, 236.0]]]",3.964730008701195,178.13177929028507,33.68487332113958,-5.6302976816067565
1280,0,"[[[217.0, 203.0], [241.0, 197.0], [243.0, 231.0], [220.0, 236.0]]]",3.964730008701195,178.13177929028507,33.68487332113958,-5.6302976816067565
1281,0,"[[[217.0, 203.0], [242.0, 197.0], [244.0, 230.0], [221.0, 236.0]]]",4.012319053739411,-144.41831455115786,-53.4739659137932,-30.09843108671936
1282,0,"[[[217.0, 203.0], [242.0, 196.0], [244.0, 230.0], [221.0, 235.0]]]",4.009714594437567,177.61937771335218,31.845320870325555,-6.876486406333553
1283,0,"[[[217.0, 202.0], [242.0, 196.0], [243.0, 230.0], [221.0, 235.0]]]",3.9686521072567618,-144.00170359572226,-55.6163481585342,-30.414977278849612
1284,0,"[[[216.0, 202.0], [241.0, 196.0], [242.0, 230.0], [220.0, 235.0]]]",3.9696179399113287,-143.92975976317405,-55.677050948461215,-30.477275422114655
1285,0,"[[[216.0, 202.0], [240.0, 196.0], [242.0, 230.0], [219.0, 235.0]]]",3.9666654939461408,178.17971768890865,33.64032908990708,-5.593941268269625
1286,0,"[[[216.0, 202.0], [240.0, 196.0], [242.0, 230.0], [219.0, 235.0]]]",3.9666654939461408,178.17971768890865,33.64032908990708,-5.593941268269625
1287,0,"[[[217.0, 202.0], [241.0, 196.0], [243.0, 230.0], [220.0, 235.0]]]",3.965702452579375,178.18360869488993,33.68394141261611,-5.5904623208021125
1288,0,"[[[217.0, 202.0], [242.0, 196.0], [244.0, 230.0], [221.0, 235.0]]]",3.9703582260668,179.16604042640654,32.512750389922225,-5.6851125372576705
1289,0,"[[[217.0, 202.0], [242.0, 196.0], [243.0, 230.0], [221.0, 235.0]]]",3.9686521072567618,-144.00170359572226,-55.6163481585342,-30.414977278849612
1290,0,"[[[217.0, 202.0], [241.0, 195.0], [244.0, 229.0], [220.0, 234.0]]]",4.010608479872504,177.60758028725692,31.82410251057757,-6.87522885627777
1291,0,"[[[217.0, 201.0], [241.0, 195.0], [243.0, 229.0], [220.0, 234.0]]]",3.9666830907327344,178.23540306139824,33.682927660565326,-5.55065472775564
1292,0,"[[[216.0, 201.0], [240.0, 195.0], [242.0, 229.0], [219.0, 234.0]]]",3.9676457051660963,178.23139359045,33.63932359587735,-5.554201093597683
1293,0,"[[[216.0, 201.0], [240.0, 195.0], [242.0, 229.0], [219.0, 234.0]]]",3.9676457051660963,178.23139359045,33.63932359587735,-5.554201093597683
1294,0,"[[[215.0, 202.0], [240.0, 195.0], [242.0, 229.0], [219.0, 234.0]]]",4.012636119403335,177.6626701971445,31.75956341121677,-6.84559217383857
1295,0,"[[[215.0, 201.0], [239.0, 195.0], [241.0, 229.0], [218.0, 234.0]]]",3.968612426975194,178.22738092147398,33.59580330825073,-5.557748401209773
1296,0,"[[[214.0, 202.0], [238.0, 196.0], [240.0, 230.0], [217.0, 235.0]]]",3.9686038982284955,178.17192555077722,33.55335585227326,-5.600902474237306
1297,0,"[[[213.0, 202.0], [237.0, 196.0], [239.0, 230.0], [217.0, 235.0]]]",3.977753572451582,179.39728553570998,34.517805499145055,-5.5287477894549815
1298,0,"[[[213.0, 202.0], [237.0, 196.0], [239.0, 230.0], [216.0, 235.0]]]",3.96957926037081,178.16802439047575,33.50999511707829,-5.604384719058796
1299,0,"[[[212.0, 202.0], [237.0, 196.0], [239.0, 229.0], [215.0, 234.0]]]",4.0800433362124195,177.3505024351637,29.585721006605464,-6.221359003389824
1300,0,"[[[212.0, 201.0], [236.0, 195.0], [238.0, 229.0], [215.0, 234.0]]]",3.9715372324631755,178.21532354147593,33.465746002174846,-5.568395925024114
1301,0,"[[[211.0, 201.0], [235.0, 195.0], [237.0, 229.0], [214.0, 234.0]]]",3.9725203799199535,178.2112979338577,33.422561718539676,-5.571946937357429
1302,0,"[[[210.0, 201.0], [234.0, 195.0], [236.0, 229.0], [213.0, 234.0]]]",3.973507632813222,178.20726905542298,33.3794616594114,-5.5754988602042515
1303,0,"[[[206.0, 203.0], [231.0, 196.0], [233.0, 230.0], [209.0, 235.0]]]",4.008856193722414,176.2783658686607,30.371004871906116,-6.967345117730697
1304,0,"[[[203.0, 203.0], [228.0, 197.0], [229.0, 231.0], [206.0, 236.0]]]",3.967969753862063,176.88571776098317,32.12261183755015,-5.711679034231136
1305,0,"[[[201.0, 204.0], [225.0, 198.0], [227.0, 232.0], [204.0, 237.0]]]",3.9796806252058183,178.02099674113768,32.99777269963592,-5.723832042354508
1306,0,"[[[198.0, 204.0], [223.0, 198.0], [225.0, 232.0], [201.0, 237.0]]]",3.97793680994466,177.70905448910386,30.699087715001525,-5.9010210478656075
1307,0,"[[[196.0, 204.0], [221.0, 198.0], [223.0, 232.0], [200.0, 237.0]]]",3.989555717665701,178.97329301152703,31.627760790719673,-5.83280953654873
1308,0,"[[[194.0, 204.0], [219.0, 198.0], [221.0, 232.0], [198.0, 237.0]]]",3.9916664584934933,178.96445737471646,31.54521957560148,-5.839667874785011
1309,0,"[[[194.0, 203.0], [218.0, 197.0], [220.0, 231.0], [197.0, 236.0]]]",3.9879281740390278,178.04409028468123,32.70295542774595,-5.7090703822625954
1310,0,"[[[194.0, 202.0], [219.0, 196.0], [221.0, 230.0], [197.0, 235.0]]]",3.983965053678053,177.7874838906205,30.535103955752696,-5.8443312379734715
1311,0,"[[[194.0, 202.0], [219.0, 196.0], [221.0, 230.0], [197.0, 235.0]]]",3.983965053678053,177.7874838906205,30.535103955752696,-5.8443312379734715
1312,0,"[[[193.0, 203.0], [218.0, 196.0], [220.0, 231.0], [197.0, 236.0]]]",3.92225531879172,177.9805496234424,32.39537717301056,-6.515916189120014
1313,0,"[[[193.0, 202.0], [217.0, 196.0], [219.0, 231.0], [196.0, 236.0]]]",3.8797933627664847,178.5019449604214,34.10156438317083,-5.263825878978311
1314,0,"[[[192.0, 203.0], [217.0, 197.0], [218.0, 231.0], [195.0, 236.0]]]",3.979297559197258,176.8504613953652,31.66734798763175,-5.74965469520436
1315,0,"[[[192.0, 203.0], [216.0, 197.0], [218.0, 232.0], [195.0, 236.0]]]",3.945627173027715,179.50706970035014,33.32111286868538,-4.536121118986571
1316,0,"[[[192.0, 203.0], [216.0, 197.0], [218.0, 232.0], [195.0, 237.0]]]",3.879881915991795,178.44700003943143,34.06007798268645,-5.307833194015929
1317,0,"[[[192.0, 204.0], [216.0, 198.0], [218.0, 232.0], [195.0, 237.0]]]",3.989094237421663,177.98741841878535,32.62035049817901,-5.754172559938509
1318,0,"[[[192.0, 204.0], [217.0, 198.0], [219.0, 232.0], [195.0, 237.0]]]",3.9842024637465583,177.68683898397393,30.45589631748319,-5.9214556513212955
1319,0,"[[[193.0, 204.0], [218.0, 198.0], [219.0, 232.0], [196.0, 237.0]]]",3.9773385895798232,176.8057636883583,31.708569770656563,-5.783192755626365
1320,0,"[[[194.0, 204.0], [218.0, 198.0], [220.0, 232.0], [197.0, 237.0]]]",3.9869736297858815,177.9949081404766,32.70362318358286,-5.747421283430332
1321,0,"[[[195.0, 204.0], [219.0, 198.0], [221.0, 232.0], [198.0, 237.0]]]",3.9859194734215317,177.99864698953408,32.74538812374017,-5.744047538292925
1322,0,"[[[196.0, 204.0], [220.0, 198.0], [222.0, 232.0], [199.0, 237.0]]]",3.984869415913172,178.0023818481609,32.78723868088398,-5.740675065158834
1323,0,"[[[197.0, 204.0], [221.0, 198.0], [223.0, 232.0], [200.0, 237.0]]]",3.98382345783092,178.00611277627377,32.82917478330779,-5.7373038554249405
1324,0,"[[[198.0, 204.0], [223.0, 198.0], [224.0, 232.0], [201.0, 237.0]]]",3.9721455968988795,176.82124134640154,31.914694389599543,-5.766229135971476
1325,0,"[[[200.0, 204.0], [224.0, 198.0], [226.0, 232.0], [203.0, 237.0]]]",3.9807101824907756,178.01728163929405,32.95549535311551,-5.72719804267107
1326,0,"[[[201.0, 204.0], [226.0, 198.0], [227.0, 232.0], [204.0, 236.0]]]",4.0394577202973885,177.87783821433945,31.191190285825424,-4.999028027552124
1327,0,"[[[202.0, 204.0], [227.0, 198.0], [229.0, 231.0], [206.0, 237.0]]]",4.02639623706762,-143.46536157028322,-54.43820237959759,-30.936656950000984
1328,0,"[[[204.0, 204.0], [228.0, 198.0], [230.0, 232.0], [207.0, 237.0]]]",3.9766165628120467,178.03211862810548,33.125114966419744,-5.7137419752935195
1329,0,"[[[205.0, 204.0], [229.0, 198.0], [231.0, 232.0], [208.0, 237.0]]]",3.97560341308857,178.03581816088268,33.16773217303368,-5.710381289815297
1330,0,"[[[206.0, 203.0], [230.0, 197.0], [232.0, 231.0], [209.0, 236.0]]]",3.9755539726732834,178.09008416435756,33.20967101828006,-5.667892726994046
1331,0,"[[[206.0, 204.0], [231.0, 197.0], [233.0, 231.0], [210.0, 236.0]]]",4.019647058519153,177.53718358852865,31.379917055536367,-6.9458436697850425
1332,0,"[[[207.0, 202.0], [231.0, 197.0], [233.0, 231.0], [210.0, 236.0]]]",3.9348257624961365,-144.8571271151166,-57.45934011341991,-30.216919937030482
1333,0,"[[[206.0, 203.0], [231.0, 196.0], [233.0, 230.0], [210.0, 235.0]]]",4.020612192326174,177.5855686606392,31.379738793730557,-6.909506297351729
1334,0,"[[[206.0, 202.0], [231.0, 196.0], [232.0, 230.0], [209.0, 235.0]]]",3.965890705093784,176.94464947405865,32.24811111389357,-5.663565117508086
1335,0,"[[[206.0, 202.0], [230.0, 196.0], [232.0, 230.0], [209.0, 235.0]]]",3.9765217454408597,178.14061987561732,33.20882813199333,-5.628790461650713
1336,0,"[[[206.0, 201.0], [230.0, 195.0], [232.0, 230.0], [209.0, 235.0]]]",3.8676476447196957,178.60910137886938,34.65910006501258,-5.1756493824958625
1337,0,"[[[205.0, 202.0], [230.0, 195.0], [232.0, 229.0], [208.0, 234.0]]]",4.010785864797773,176.32297784511516,30.330134236536857,-6.935436348688964
1338,0,"[[[205.0, 201.0], [230.0, 195.0], [231.0, 229.0], [208.0, 234.0]]]",3.9678181194214663,176.99053796170944,32.20550671344701,-5.629384435932724
1339,0,"[[[205.0, 201.0], [230.0, 195.0], [231.0, 229.0], [208.0, 234.0]]]",3.9678181194214663,176.99053796170944,32.20550671344701,-5.629384435932724
1340,0,"[[[205.0, 202.0], [230.0, 195.0], [232.0, 229.0], [209.0, 234.0]]]",4.0226007089175,177.63069883120096,31.337684318525504,-6.876274116680654
1341,0,"[[[205.0, 202.0], [230.0, 195.0], [232.0, 229.0], [209.0, 234.0]]]",4.0226007089175,177.63069883120096,31.337684318525504,-6.876274116680654
1342,0,"[[[206.0, 201.0], [230.0, 195.0], [232.0, 229.0], [209.0, 234.0]]]",3.977497690946756,178.19112054210376,33.20790544319385,-5.589715533263962
1343,0,"[[[205.0, 201.0], [229.0, 194.0], [232.0, 228.0], [208.0, 233.0]]]",4.02351934959031,177.61797443809556,31.317038085534058,-6.875434926988717
1344,0,"[[[205.0, 200.0], [229.0, 194.0], [231.0, 228.0], [208.0, 233.0]]]",3.9794891607355196,178.23742368851012,33.16423381850298,-5.554290306593915
1345,0,"[[[205.0, 200.0], [229.0, 194.0], [231.0, 228.0], [208.0, 233.0]]]",3.9794891607355196,178.23742368851012,33.16423381850298,-5.554290306593915
1346,0,"[[[205.0, 200.0], [229.0, 194.0], [231.0, 228.0], [208.0, 233.0]]]",3.9794891607355196,178.23742368851012,33.16423381850298,-5.554290306593915
1347,0,"[[[205.0, 200.0], [230.0, 194.0], [231.0, 228.0], [208.0, 233.0]]]",3.9687573599049926,177.03969763388292,32.20488896993951,-5.5917222192380995
1348,0,"[[[205.0, 199.0], [229.0, 193.0], [231.0, 228.0], [208.0, 232.0]]]",3.936160295633428,179.7805371418849,33.86549233506349,-4.324433434835679
1349,0,"[[[205.0, 200.0], [230.0, 193.0], [231.0, 228.0], [208.0, 232.0]]]",3.9656227724490174,177.08840572096727,32.300334203950115,-5.553744694382349
1350,0,"[[[206.0, 199.0], [230.0, 193.0], [232.0, 227.0], [209.0, 232.0]]]",3.9794741228574013,178.2920150586636,33.205820615531835,-5.511649186128941
1351,0,"[[[206.0, 199.0], [230.0, 193.0], [232.0, 227.0], [209.0, 232.0]]]",3.9794741228574013,178.2920150586636,33.205820615531835,-5.511649186128941
1352,0,"[[[206.0, 200.0], [231.0, 194.0], [233.0, 227.0], [210.0, 233.0]]]",4.026168367763186,-143.34071237825438,-54.026186545873266,-30.940541069983436
1353,0,"[[[207.0, 200.0], [231.0, 194.0], [233.0, 228.0], [210.0, 233.0]]]",3.977478572253598,178.24574459997228,33.24965673138615,-5.547047055170818
1354,0,"[[[207.0, 200.0], [231.0, 194.0], [233.0, 228.0], [210.0, 233.0]]]",3.977478572253598,178.24574459997228,33.24965673138615,-5.547047055170818
1355,0,"[[[207.0, 200.0], [232.0, 194.0], [233.0, 228.0], [210.0, 232.0]]]",4.0371416449619195,178.0966331592943,31.434248164453795,-4.830571962575568
1356,0,"[[[207.0, 199.0], [231.0, 193.0], [233.0, 228.0], [210.0, 232.0]]]",3.934155041644135,179.79201715524326,33.95168816546502,-4.315886559583018
1357,0,"[[[207.0, 199.0], [231.0, 193.0], [233.0, 228.0], [210.0, 232.0]]]",3.934155041644135,179.79201715524326,33.95168816546502,-4.315886559583018
1358,0,"[[[207.0, 199.0], [231.0, 193.0], [233.0, 228.0], [210.0, 232.0]]]",3.934155041644135,179.79201715524326,33.95168816546502,-4.315886559583018
1359,0,"[[[207.0, 199.0], [231.0, 193.0], [233.0, 228.0], [210.0, 232.0]]]",3.934155041644135,179.79201715524326,33.95168816546502,-4.315886559583018
1360,0,"[[[208.0, 199.0], [232.0, 194.0], [234.0, 228.0], [211.0, 233.0]]]",3.936800619135157,-144.6021340052495,-57.27740432545736,-30.368005946637464
1361,0,"[[[208.0, 199.0], [232.0, 193.0], [234.0, 228.0], [211.0, 232.0]]]",3.933158473498181,179.797754830216,33.994911930442804,-4.311610621327811
1362,0,"[[[208.0, 199.0], [232.0, 193.0], [234.0, 227.0], [211.0, 232.0]]]",3.977472602209709,178.30056327755705,33.29139544035904,-5.504275796270576
1363,0,"[[[208.0, 199.0], [233.0, 193.0], [234.0, 227.0], [212.0, 232.0]]]",3.980426281043393,-143.02744199562474,-56.0382060482815,-31.18711036928442
1364,0,"[[[208.0, 199.0], [233.0, 193.0], [234.0, 227.0], [211.0, 231.0]]]",4.0371128016313875,178.14968586857856,31.47433146509996,-4.790117834538679
1365,0,"[[[208.0, 198.0], [232.0, 192.0], [234.0, 227.0], [211.0, 231.0]]]",3.9341744020501,179.84920720825255,33.9926477932466,-4.271549798071213
1366,0,"[[[208.0, 198.0], [232.0, 192.0], [234.0, 226.0], [211.0, 231.0]]]",3.9784739646997545,178.35118990791264,33.290215561482036,-5.465153631037442
1367,0,"[[[208.0, 198.0], [232.0, 192.0], [234.0, 226.0], [211.0, 231.0]]]",3.9784739646997545,178.35118990791264,33.290215561482036,-5.465153631037442
1368,0,"[[[207.0, 198.0], [231.0, 192.0], [233.0, 226.0], [210.0, 231.0]]]",3.9794722406070964,178.34680034716206,33.24739470137511,-5.468905887551323
1369,0,"[[[206.0, 198.0], [231.0, 192.0], [232.0, 226.0], [209.0, 231.0]]]",3.9696660182126062,177.14166984582772,32.24544128611356,-5.512718511492347
1370,0,"[[[206.0, 198.0], [231.0, 192.0], [232.0, 226.0], [209.0, 231.0]]]",3.9696660182126062,177.14166984582772,32.24544128611356,-5.512718511492347
1371,0,"[[[206.0, 198.0], [231.0, 192.0], [232.0, 226.0], [210.0, 231.0]]]",3.9834267860776613,-142.77251763742237,-56.11725824276218,-31.38401997540643
1372,0,"[[[206.0, 198.0], [230.0, 192.0], [232.0, 226.0], [209.0, 231.0]]]",3.980474620388014,178.34240796153207,33.204658432085445,-5.472658552882522
1373,0,"[[[206.0, 197.0], [230.0, 191.0], [232.0, 225.0], [209.0, 230.0]]]",3.9814833140761823,178.39276413978453,33.20341639967887,-5.433696754646994
1374,0,"[[[206.0, 197.0], [231.0, 191.0], [232.0, 225.0], [209.0, 230.0]]]",3.9706300210851357,177.19083119903124,32.24457612094305,-5.475074013150838
1375,0,"[[[207.0, 196.0], [231.0, 191.0], [233.0, 225.0], [210.0, 230.0]]]",3.940848600348236,-144.19893153087443,-57.21562037534299,-30.648038210412416
1376,0,"[[[207.0, 196.0], [231.0, 190.0], [233.0, 224.0], [210.0, 229.0]]]",3.9814987007358544,178.44770905607578,33.24481251212795,-5.390880275557373
1377,0,"[[[207.0, 196.0], [232.0, 190.0], [234.0, 224.0], [211.0, 229.0]]]",3.9863167992069366,179.41581174377788,32.075659565421326,-5.497426936512183
1378,0,"[[[208.0, 196.0], [232.0, 190.0], [234.0, 224.0], [211.0, 229.0]]]",3.9805012955315693,178.4523324204155,33.28761510636827,-5.386996486654363
1379,0,"[[[208.0, 196.0], [233.0, 190.0], [234.0, 224.0], [211.0, 229.0]]]",3.969628709068324,177.24793910540245,32.32789393788734,-5.4296881219851905
1380,0,"[[[208.0, 197.0], [233.0, 191.0], [235.0, 224.0], [211.0, 229.0]]]",4.0889498718251565,177.56666826326085,29.4177995536417,-6.067544009254313
1381,0,"[[[208.0, 197.0], [233.0, 191.0], [234.0, 225.0], [212.0, 230.0]]]",3.982423098381492,-142.8164834418709,-55.955212700656986,-31.32081776800316
1382,0,"[[[208.0, 197.0], [232.0, 191.0], [234.0, 226.0], [211.0, 230.0]]]",3.9351985053259515,179.90062123009642,33.99030358165012,-4.231520982902359
1383,0,"[[[208.0, 198.0], [233.0, 192.0], [235.0, 225.0], [212.0, 231.0]]]",4.026134446542611,-143.27973244339586,-53.82015830895988,-30.941518195604992
1384,0,"[[[209.0, 198.0], [233.0, 192.0], [235.0, 226.0], [212.0, 231.0]]]",3.977479793355335,178.3555766611672,33.33312092083066,-5.461401787618689
1385,0,"[[[209.0, 198.0], [233.0, 192.0], [235.0, 226.0], [212.0, 231.0]]]",3.977479793355335,178.3555766611672,33.33312092083066,-5.461401787618689
1386,0,"[[[209.0, 198.0], [233.0, 193.0], [235.0, 227.0], [212.0, 231.0]]]",4.003553353705859,-179.07272240188962,33.154367815082935,-3.5237905726971115
1387,0,"[[[209.0, 198.0], [233.0, 192.0], [235.0, 226.0], [212.0, 231.0]]]",3.977479793355335,178.3555766611672,33.33312092083066,-5.461401787618689
1388,0,"[[[209.0, 198.0], [233.0, 192.0], [235.0, 226.0], [212.0, 231.0]]]",3.977479793355335,178.3555766611672,33.33312092083066,-5.461401787618689
1389,0,"[[[208.0, 199.0], [232.0, 192.0], [234.0, 227.0], [211.0, 231.0]]]",3.97429106196041,178.3489201593037,33.38457484030827,-5.465057578047446
1390,0,"[[[208.0, 199.0], [233.0, 192.0], [235.0, 226.0], [212.0, 231.0]]]",4.022539797561471,177.78588443719755,31.46202918110054,-6.757893810480459
1391,0,"[[[208.0, 198.0], [233.0, 192.0], [235.0, 226.0], [211.0, 231.0]]]",3.9735651242346814,178.03462673265915,31.105212741282788,-5.6513809384591145
1392,0,"[[[209.0, 198.0], [233.0, 192.0], [235.0, 225.0], [212.0, 231.0]]]",4.020254375879328,-141.44516863700548,-54.893311400325175,-31.990087934262462
1393,0,"[[[209.0, 197.0], [233.0, 191.0], [235.0, 225.0], [212.0, 230.0]]]",3.9784897902768646,178.40628361279903,33.33185178126284,-5.4222426029030615
1394,0,"[[[209.0, 197.0], [233.0, 191.0], [235.0, 225.0], [212.0, 230.0]]]",3.9784897902768646,178.40628361279903,33.33185178126284,-5.4222426029030615
1395,0,"[[[209.0, 197.0], [234.0, 191.0], [235.0, 225.0], [212.0, 230.0]]]",3.9676744402935245,177.20246492952847,32.371130065882156,-5.463609400942189
1396,0,"[[[210.0, 197.0], [234.0, 191.0], [236.0, 225.0], [213.0, 230.0]]]",3.9775001586426764,178.4107848778958,33.37483252834275,-5.418425048487619
1397,0,"[[[210.0, 197.0], [234.0, 191.0], [236.0, 225.0], [213.0, 230.0]]]",3.9775001586426764,178.4107848778958,33.37483252834275,-5.418425048487619
1398,0,"[[[210.0, 197.0], [234.0, 191.0], [236.0, 225.0], [213.0, 230.0]]]",3.9775001586426764,178.4107848778958,33.37483252834275,-5.418425048487619
1399,0,"[[[211.0, 197.0], [235.0, 191.0], [236.0, 225.0], [213.0, 230.0]]]",3.959458546276517,176.30196299083946,33.634614809182395,-5.3458801554460065
1400,0,"[[[211.0, 197.0], [235.0, 191.0], [237.0, 225.0], [214.0, 230.0]]]",3.9765146320119245,178.41528349546434,33.4178975968318,-5.414607769621638
1401,0,"[[[211.0, 198.0], [236.0, 192.0], [237.0, 226.0], [214.0, 230.0]]]",4.03510484182829,178.21277859346193,31.598230731060955,-4.741227362291673
1402,0,"[[[212.0, 197.0], [236.0, 192.0], [238.0, 225.0], [214.0, 230.0]]]",4.038419637568217,178.1566966136806,31.515806842724746,-4.774679935366815
1403,0,"[[[212.0, 198.0], [236.0, 192.0], [238.0, 226.0], [215.0, 231.0]]]",3.9745219103355183,178.36872027295092,33.46234312234239,-5.450148768142013
1404,0,"[[[212.0, 198.0], [236.0, 192.0], [237.0, 226.0], [215.0, 231.0]]]",3.9691660205862127,177.48564523236612,34.63470091134103,-5.314392965741749
1405,0,"[[[211.0, 198.0], [236.0, 192.0], [237.0, 226.0], [214.0, 230.0]]]",4.03510484182829,178.21277859346193,31.598230731060955,-4.741227362291673
1406,0,"[[[211.0, 198.0], [236.0, 192.0], [237.0, 226.0], [214.0, 230.0]]]",4.03510484182829,178.21277859346193,31.598230731060955,-4.741227362291673
1407,0,"[[[211.0, 197.0], [236.0, 191.0], [237.0, 225.0], [214.0, 229.0]]]",4.036101927961738,178.2613995815941,31.59639627488197,-4.704691959034524
1408,0,"[[[211.0, 196.0], [236.0, 191.0], [237.0, 224.0], [214.0, 229.0]]]",4.04011959249614,-144.5887708027536,-54.57471822314542,-28.50472661170246
1409,0,"[[[211.0, 196.0], [236.0, 191.0], [237.0, 224.0], [214.0, 229.0]]]",4.04011959249614,-144.5887708027536,-54.57471822314542,-28.50472661170246
1410,0,"[[[210.0, 195.0], [234.0, 189.0], [236.0, 223.0], [213.0, 228.0]]]",3.979545657518489,178.51232120533848,33.372034332454284,-5.340063054453311
1411,0,"[[[210.0, 195.0], [234.0, 189.0], [236.0, 223.0], [213.0, 228.0]]]",3.979545657518489,178.51232120533848,33.372034332454284,-5.340063054453311
1412,0,"[[[209.0, 195.0], [234.0, 189.0], [235.0, 223.0], [212.0, 227.0]]]",4.040110163106261,178.34798432713657,31.50872986675429,-4.640421923262283
1413,0,"[[[209.0, 195.0], [234.0, 189.0], [235.0, 223.0], [212.0, 227.0]]]",4.040110163106261,178.34798432713657,31.50872986675429,-4.640421923262283
1414,0,"[[[209.0, 194.0], [233.0, 188.0], [235.0, 222.0], [212.0, 227.0]]]",3.9815690533782058,178.55817949691965,33.32756174626181,-5.3049427281604675
1415,0,"[[[209.0, 194.0], [233.0, 188.0], [235.0, 222.0], [212.0, 227.0]]]",3.9815690533782058,178.55817949691965,33.32756174626181,-5.3049427281604675
1416,0,"[[[208.0, 195.0], [233.0, 189.0], [234.0, 223.0], [211.0, 227.0]]]",4.0411111270716615,178.34271915108675,31.466981258402654,-4.644773902314653
1417,0,"[[[208.0, 194.0], [232.0, 188.0], [234.0, 222.0], [211.0, 227.0]]]",3.982561474653007,178.55332438967653,33.28469362981178,-5.308958123431705
1418,0,"[[[207.0, 193.0], [231.0, 187.0], [233.0, 221.0], [210.0, 226.0]]]",3.984599980148674,178.59878868720205,33.24033865902856,-5.274065220422862
1419,0,"[[[206.0, 193.0], [231.0, 187.0], [232.0, 221.0], [209.0, 225.0]]]",4.04517202164182,178.4280107106529,31.379645861800853,-4.581225499957045
1420,0,"[[[206.0, 192.0], [230.0, 187.0], [232.0, 221.0], [209.0, 225.0]]]",4.01305058389157,-178.7931981457742,33.00557783085236,-3.3076486656875246
1421,0,"[[[205.0, 192.0], [229.0, 186.0], [231.0, 220.0], [208.0, 225.0]]]",3.9876537777273704,178.6388837353064,33.153413364510534,-5.243479002571799
1422,0,"[[[205.0, 192.0], [229.0, 186.0], [231.0, 220.0], [208.0, 225.0]]]",3.9876537777273704,178.6388837353064,33.153413364510534,-5.243479002571799
1423,0,"[[[205.0, 191.0], [229.0, 186.0], [231.0, 220.0], [208.0, 224.0]]]",4.015177294567774,-178.75107131977884,32.959394225600114,-3.2745630193250848
1424,0,"[[[205.0, 191.0], [229.0, 186.0], [231.0, 220.0], [208.0, 224.0]]]",4.015177294567774,-178.75107131977884,32.959394225600114,-3.2745630193250848
1425,0,"[[[205.0, 192.0], [230.0, 186.0], [232.0, 219.0], [208.0, 224.0]]]",4.097083662169138,177.78206016388788,29.289992171446627,-5.91270596982826
1426,0,"[[[205.0, 192.0], [230.0, 186.0], [232.0, 219.0], [208.0, 224.0]]]",4.097083662169138,177.78206016388788,29.289992171446627,-5.91270596982826
1427,0,"[[[206.0, 191.0], [230.0, 186.0], [232.0, 220.0], [209.0, 224.0]]]",4.014154073594185,-178.7432616205291,33.00186097025281,-3.2693843398666647
1428,0,"[[[206.0, 191.0], [231.0, 186.0], [232.0, 220.0], [209.0, 224.0]]]",4.00549396318758,-179.97141505559685,32.001134999522584,-3.3550265730471103
1429,0,"[[[206.0, 191.0], [231.0, 185.0], [233.0, 218.0], [209.0, 223.0]]]",4.097107280292532,177.83228898164472,29.328729782100197,-5.875545431346748
1430,0,"[[[207.0, 190.0], [231.0, 184.0], [233.0, 218.0], [210.0, 223.0]]]",3.987775315159124,178.74951800762105,33.23514385508625,-5.157527238671272
1431,0,"[[[207.0, 189.0], [232.0, 183.0], [233.0, 217.0], [210.0, 222.0]]]",3.9776486018229504,177.5874979828445,32.27681306131243,-5.170619471017508
1432,0,"[[[207.0, 189.0], [232.0, 183.0], [233.0, 217.0], [210.0, 221.0]]]",4.048357761401714,178.6250796679073,31.4119959076451,-4.43239911548112
1433,0,"[[[207.0, 189.0], [232.0, 183.0], [233.0, 217.0], [210.0, 221.0]]]",4.048357761401714,178.6250796679073,31.4119959076451,-4.43239911548112
1434,0,"[[[207.0, 188.0], [232.0, 182.0], [234.0, 216.0], [210.0, 221.0]]]",3.984767598650647,178.5072606709749,31.046902693016122,-5.298669106293595
1435,0,"[[[208.0, 187.0], [232.0, 182.0], [234.0, 216.0], [211.0, 221.0]]]",3.949439772112557,-143.30621333623327,-56.78301677307948,-31.208518849175565
1436,0,"[[[208.0, 187.0], [232.0, 181.0], [234.0, 215.0], [211.0, 220.0]]]",3.990031493730432,178.90556078901756,33.271939024625205,-5.03680314118112
1437,0,"[[[208.0, 187.0], [232.0, 181.0], [234.0, 215.0], [211.0, 220.0]]]",3.990031493730432,178.90556078901756,33.271939024625205,-5.03680314118112
1438,0,"[[[207.0, 187.0], [232.0, 181.0], [234.0, 215.0], [210.0, 220.0]]]",3.98583358516146,178.55473411617862,31.044789885277876,-5.263192261647615
1439,0,"[[[207.0, 187.0], [232.0, 181.0], [233.0, 215.0], [210.0, 220.0]]]",3.9797317220519504,177.68528592840437,32.27355410939982,-5.095759787802966
1440,0,"[[[207.0, 187.0], [231.0, 181.0], [233.0, 215.0], [210.0, 220.0]]]",3.9910248752955053,178.89988530785195,33.22922777923631,-5.041276575341683
1441,0,"[[[207.0, 187.0], [231.0, 181.0], [233.0, 215.0], [210.0, 220.0]]]",3.9910248752955053,178.89988530785195,33.22922777923631,-5.041276575341683
1442,0,"[[[207.0, 187.0], [231.0, 181.0], [233.0, 215.0], [210.0, 220.0]]]",3.9910248752955053,178.89988530785195,33.22922777923631,-5.041276575341683
1443,0,"[[[206.0, 187.0], [231.0, 181.0], [233.0, 215.0], [210.0, 220.0]]]",3.9970361039770133,179.8501358358916,32.01349546964101,-5.169364312249069
1444,0,"[[[206.0, 187.0], [231.0, 181.0], [233.0, 214.0], [209.0, 219.0]]]",4.101357516202437,178.0140425804054,29.32173582831592,-5.743189602337494
1444,37,"[[[575.0, 387.0], [577.0, 396.0], [571.0, 398.0], [566.0, 388.0]]]",12.6440928335805,143.08945316745903,14.053567777716655,71.14014868238132
1445,0,"[[[206.0, 186.0], [231.0, 181.0], [232.0, 215.0], [209.0, 219.0]]]",4.010914166258715,-179.7289243505876,31.98326960875114,-3.1711393055746866
1446,0,"[[[206.0, 186.0], [230.0, 180.0], [232.0, 214.0], [209.0, 219.0]]]",3.9931216148666415,178.9441321360185,33.18447987316637,-5.007129169425902
1447,0,"[[[206.0, 185.0], [230.0, 179.0], [232.0, 213.0], [209.0, 218.0]]]",3.9942291392684317,178.9940135089869,33.18227860821376,-4.968543036453821
1448,0,"[[[205.0, 185.0], [230.0, 178.0], [232.0, 212.0], [208.0, 217.0]]]",4.027737988083722,177.11613130607654,30.32165851427164,-6.345470510711073
1449,0,"[[[205.0, 185.0], [230.0, 178.0], [232.0, 212.0], [208.0, 217.0]]]",4.027737988083722,177.11613130607654,30.32165851427164,-6.345470510711073
1450,0,"[[[206.0, 183.0], [230.0, 178.0], [232.0, 212.0], [209.0, 217.0]]]",3.9559082889873625,-142.72797277988647,-56.73395380539969,-31.613867138715634
1451,0,"[[[206.0, 183.0], [230.0, 177.0], [232.0, 211.0], [209.0, 216.0]]]",3.996469026162208,179.09364856221558,33.17763602125869,-4.8914724800573985
1452,0,"[[[206.0, 183.0], [231.0, 177.0], [232.0, 211.0], [209.0, 216.0]]]",3.9849768984752885,177.87486973702795,32.22415444735763,-4.9511159237849816
1453,0,"[[[206.0, 182.0], [231.0, 176.0], [232.0, 211.0], [209.0, 215.0]]]",3.9440062535332148,179.45331799275016,32.90289352274089,-3.726871429674871
1454,0,"[[[206.0, 182.0], [231.0, 176.0], [232.0, 210.0], [209.0, 215.0]]]",3.9860626697107535,177.92341110499797,32.222101955236454,-4.913923959850488
1455,0,"[[[205.0, 180.0], [230.0, 174.0], [232.0, 208.0], [208.0, 213.0]]]",3.995496703503714,178.8730192080601,30.94531574314174,-5.025465818684041
1456,0,"[[[205.0, 178.0], [230.0, 172.0], [231.0, 206.0], [208.0, 211.0]]]",3.991469833819204,178.11108020539191,32.17132558878976,-4.770494496618771
1457,0,"[[[205.0, 178.0], [230.0, 172.0], [231.0, 206.0], [208.0, 211.0]]]",3.991469833819204,178.11108020539191,32.17132558878976,-4.770494496618771
1458,0,"[[[205.0, 174.0], [229.0, 168.0], [231.0, 202.0], [208.0, 207.0]]]",4.007955158615917,179.53262475684335,33.11039886643492,-4.551717641861772
1459,0,"[[[204.0, 171.0], [229.0, 165.0], [230.0, 200.0], [207.0, 204.0]]]",3.9586434110254562,179.97563908427662,32.778866624401445,-3.3230092186708817
1460,0,"[[[203.0, 167.0], [228.0, 162.0], [229.0, 196.0], [206.0, 201.0]]]",3.9673663819594274,-140.4577946702884,-55.38699501311505,-31.885610681299536
1461,0,"[[[202.0, 163.0], [227.0, 157.0], [229.0, 191.0], [205.0, 196.0]]]",4.018789868821321,179.63866408824947,30.76595290853082,-4.451496867836693
1462,0,"[[[201.0, 157.0], [225.0, 152.0], [227.0, 187.0], [204.0, 192.0]]]",3.8836444749003913,-138.9295508133244,-57.226760125186274,-34.74216033211084
1463,0,"[[[200.0, 152.0], [224.0, 146.0], [226.0, 182.0], [203.0, 186.0]]]",3.8880580550751804,-177.47506838991254,34.85856521578861,-2.0254823510498996
1464,0,"[[[198.0, 147.0], [223.0, 141.0], [225.0, 176.0], [201.0, 181.0]]]",3.934075947895964,-179.12568625789564,32.06957648141282,-3.395451971444316
1465,0,"[[[197.0, 141.0], [222.0, 135.0], [223.0, 171.0], [200.0, 175.0]]]",3.8965803937863335,-178.15152017973983,33.756946123626946,-1.7497611051053645
1466,0,"[[[197.0, 133.0], [222.0, 127.0], [223.0, 164.0], [200.0, 168.0]]]",3.804575685299082,-177.27448705953216,35.02318867494971,-0.9323430934866185
1467,0,"[[[197.0, 133.0], [222.0, 127.0], [223.0, 164.0], [200.0, 168.0]]]",3.804575685299082,-177.27448705953216,35.02318867494971,-0.9323430934866185
